[
  {
    "productId": 1,
    "manufacturer": "Johns-Jenkins",
    "sku": "p5z343vdS",
    "upc": "939581000000",
    "pricePerUnit": "497.45",
    "quantityOnHand": 9703,
    "productName": "sticky note"
  },
  {
    "productId": 2,
    "manufacturer": "Hessel, Schimmel and Feeney",
    "sku": "i7v300kmx",
    "upc": "740979000000",
    "pricePerUnit": "282.29",
    "quantityOnHand": 9217,
    "productName": "leg warmers"
  },
  {
    "productId": 3,
    "manufacturer": "Swaniawski, Bartoletti and Bruen",
    "sku": "q0L657ys7",
    "upc": "111730000000",
    "pricePerUnit": "436.26",
    "quantityOnHand": 5905,
    "productName": "lamp shade"
  },
  {
    "productId": 4,
    "manufacturer": "Runolfsdottir, Littel and Dicki",
    "sku": "x78426lq1",
    "upc": "93986215015",
    "pricePerUnit": "537.90",
    "quantityOnHand": 2642,
    "productName": "flowers"
  },
  {
    "productId": 5,
    "manufacturer": "Kuhn, Cronin and Spencer",
    "sku": "r4X793mdR",
    "upc": "260149000000",
    "pricePerUnit": "112.10",
    "quantityOnHand": 6144,
    "productName": "clamp"
  },
  {
    "productId": 6,
    "manufacturer": "Quigley, Casper and Boyer",
    "sku": "g2P499xrM",
    "upc": "390162000000",
    "pricePerUnit": "593.53",
    "quantityOnHand": 6507,
    "productName": "twister"
  },
  {
    "productId": 7,
    "manufacturer": "Gutmann and Sons",
    "sku": "v4j250hbi",
    "upc": "465922000000",
    "pricePerUnit": "88.97",
    "quantityOnHand": 4348,
    "productName": "clay pot"
  },
  {
    "productId": 8,
    "manufacturer": "Bins-Hansen",
    "sku": "d3E278nk2",
    "upc": "20072026056",
    "pricePerUnit": "933.35",
    "quantityOnHand": 4577,
    "productName": "tooth picks"
  },
  {
    "productId": 9,
    "manufacturer": "Jones, Braun and Ratke",
    "sku": "o3w911oal",
    "upc": "879638000000",
    "pricePerUnit": "426.23",
    "quantityOnHand": 1882,
    "productName": "mirror"
  },
  {
    "productId": 10,
    "manufacturer": "Upton-Mraz",
    "sku": "k0R875prt",
    "upc": "877387000000",
    "pricePerUnit": "630.61",
    "quantityOnHand": 4036,
    "productName": "rug"
  },
  {
    "productId": 11,
    "manufacturer": "Schneider, Douglas and Franecki",
    "sku": "h3t822kaB",
    "upc": "507019000000",
    "pricePerUnit": "13.67",
    "quantityOnHand": 2285,
    "productName": "headphones"
  },
  {
    "productId": 12,
    "manufacturer": "Weimann, Waelchi and Kassulke",
    "sku": "t8A474iuv",
    "upc": "669100000000",
    "pricePerUnit": "369.46",
    "quantityOnHand": 5409,
    "productName": "balloon"
  },
  {
    "productId": 13,
    "manufacturer": "Moore-Gibson",
    "sku": "c4i321mvh",
    "upc": "600535000000",
    "pricePerUnit": "250.98",
    "quantityOnHand": 6219,
    "productName": "lip gloss"
  },
  {
    "productId": 14,
    "manufacturer": "Schuppe, Cummerata and Hammes",
    "sku": "l9V771xw1",
    "upc": "677102000000",
    "pricePerUnit": "577.90",
    "quantityOnHand": 1104,
    "productName": "sidewalk"
  },
  {
    "productId": 15,
    "manufacturer": "Ward-Quigley",
    "sku": "x7b275hk2",
    "upc": "110459000000",
    "pricePerUnit": "642.19",
    "quantityOnHand": 9371,
    "productName": "pen"
  },
  {
    "productId": 16,
    "manufacturer": "Cassin Inc",
    "sku": "b27590nys",
    "upc": "920302000000",
    "pricePerUnit": "145.19",
    "quantityOnHand": 5382,
    "productName": "outlet"
  },
  {
    "productId": 17,
    "manufacturer": "Shanahan Inc",
    "sku": "j4y570kml",
    "upc": "850798000000",
    "pricePerUnit": "409.02",
    "quantityOnHand": 4567,
    "productName": "blanket"
  },
  {
    "productId": 18,
    "manufacturer": "Upton-Runolfsdottir",
    "sku": "m2K116lkV",
    "upc": "10335859487",
    "pricePerUnit": "815.26",
    "quantityOnHand": 7083,
    "productName": "lotion"
  },
  {
    "productId": 19,
    "manufacturer": "Lubowitz Group",
    "sku": "w61375szc",
    "upc": "286418000000",
    "pricePerUnit": "700.53",
    "quantityOnHand": 2224,
    "productName": "socks"
  },
  {
    "productId": 20,
    "manufacturer": "Padberg, Grady and Mueller",
    "sku": "f1D653dwZ",
    "upc": "62442197606",
    "pricePerUnit": "176.67",
    "quantityOnHand": 4544,
    "productName": "CD"
  },
  {
    "productId": 21,
    "manufacturer": "Barrows-Gibson",
    "sku": "g5F556bj2",
    "upc": "667449000000",
    "pricePerUnit": "66.44",
    "quantityOnHand": 138,
    "productName": "model car"
  },
  {
    "productId": 22,
    "manufacturer": "Feeney, Glover and Johns",
    "sku": "o72175oxZ",
    "upc": "353375000000",
    "pricePerUnit": "454.12",
    "quantityOnHand": 4712,
    "productName": "soda can"
  },
  {
    "productId": 23,
    "manufacturer": "Ankunding, Haag and Corwin",
    "sku": "n5m968dmo",
    "upc": "356116000000",
    "pricePerUnit": "852.15",
    "quantityOnHand": 5325,
    "productName": "fridge"
  },
  {
    "productId": 24,
    "manufacturer": "Armstrong, Mohr and Bradtke",
    "sku": "o6O935rpv",
    "upc": "451505000000",
    "pricePerUnit": "275.21",
    "quantityOnHand": 7339,
    "productName": "bottle cap"
  },
  {
    "productId": 25,
    "manufacturer": "Schmidt and Sons",
    "sku": "j32187bai",
    "upc": "393839000000",
    "pricePerUnit": "425.45",
    "quantityOnHand": 5434,
    "productName": "photo album"
  },
  {
    "productId": 26,
    "manufacturer": "Fadel, Robel and Turner",
    "sku": "g7K279msW",
    "upc": "227667000000",
    "pricePerUnit": "774.24",
    "quantityOnHand": 2224,
    "productName": "twezzers"
  },
  {
    "productId": 27,
    "manufacturer": "Cassin, Kreiger and Wisoky",
    "sku": "o4o723dsy",
    "upc": "663345000000",
    "pricePerUnit": "899.61",
    "quantityOnHand": 3985,
    "productName": "glow stick"
  },
  {
    "productId": 28,
    "manufacturer": "Baumbach LLC",
    "sku": "m8p061fi3",
    "upc": "156939000000",
    "pricePerUnit": "663.10",
    "quantityOnHand": 9644,
    "productName": "truck"
  },
  {
    "productId": 29,
    "manufacturer": "Cummerata, Hills and Anderson",
    "sku": "v4d029mtP",
    "upc": "130529000000",
    "pricePerUnit": "223.74",
    "quantityOnHand": 4173,
    "productName": "purse"
  },
  {
    "productId": 30,
    "manufacturer": "Kautzer, Bradtke and Stracke",
    "sku": "i2w704pvs",
    "upc": "498143000000",
    "pricePerUnit": "929.37",
    "quantityOnHand": 1465,
    "productName": "bowl"
  },
  {
    "productId": 31,
    "manufacturer": "Bernhard, Fisher and Reinger",
    "sku": "p8A041wxj",
    "upc": "302419000000",
    "pricePerUnit": "935.96",
    "quantityOnHand": 7069,
    "productName": "sketch pad"
  },
  {
    "productId": 32,
    "manufacturer": "Stamm and Sons",
    "sku": "i1q225viC",
    "upc": "190041000000",
    "pricePerUnit": "341.29",
    "quantityOnHand": 9364,
    "productName": "sponge"
  },
  {
    "productId": 33,
    "manufacturer": "Senger Group",
    "sku": "y6u840ste",
    "upc": "981691000000",
    "pricePerUnit": "785.00",
    "quantityOnHand": 9635,
    "productName": "cookie jar"
  },
  {
    "productId": 34,
    "manufacturer": "Conroy-Little",
    "sku": "i2b810vfi",
    "upc": "151356000000",
    "pricePerUnit": "956.12",
    "quantityOnHand": 8016,
    "productName": "sharpie"
  },
  {
    "productId": 35,
    "manufacturer": "Huels Inc",
    "sku": "r2Y361mak",
    "upc": "315225000000",
    "pricePerUnit": "78.00",
    "quantityOnHand": 8471,
    "productName": "shawl"
  },
  {
    "productId": 36,
    "manufacturer": "Pacocha and Sons",
    "sku": "m6f710dvL",
    "upc": "54158362672",
    "pricePerUnit": "392.98",
    "quantityOnHand": 5583,
    "productName": "face wash"
  },
  {
    "productId": 37,
    "manufacturer": "Bednar, Bednar and Skiles",
    "sku": "d3l280ulV",
    "upc": "916805000000",
    "pricePerUnit": "761.49",
    "quantityOnHand": 5408,
    "productName": "toothpaste"
  },
  {
    "productId": 38,
    "manufacturer": "Pouros Group",
    "sku": "h9z038nu2",
    "upc": "213707000000",
    "pricePerUnit": "49.02",
    "quantityOnHand": 8531,
    "productName": "ring"
  },
  {
    "productId": 39,
    "manufacturer": "Feil, Wehner and Russel",
    "sku": "j9X185vnN",
    "upc": "959689000000",
    "pricePerUnit": "828.92",
    "quantityOnHand": 3896,
    "productName": "door"
  },
  {
    "productId": 40,
    "manufacturer": "Mayert, Barton and Feeney",
    "sku": "b9J149udy",
    "upc": "377314000000",
    "pricePerUnit": "863.18",
    "quantityOnHand": 1618,
    "productName": "towel"
  },
  {
    "productId": 41,
    "manufacturer": "Lindgren and Sons",
    "sku": "d5X474kg4",
    "upc": "544254000000",
    "pricePerUnit": "139.86",
    "quantityOnHand": 7135,
    "productName": "vase"
  },
  {
    "productId": 42,
    "manufacturer": "Lueilwitz-Stehr",
    "sku": "b81957uq9",
    "upc": "766152000000",
    "pricePerUnit": "758.59",
    "quantityOnHand": 352,
    "productName": "sun glasses"
  },
  {
    "productId": 43,
    "manufacturer": "Goldner, Bogisich and Zieme",
    "sku": "o1O578rpk",
    "upc": "541391000000",
    "pricePerUnit": "146.27",
    "quantityOnHand": 332,
    "productName": "soy sauce packet"
  },
  {
    "productId": 44,
    "manufacturer": "Braun-Auer",
    "sku": "o1d743wqj",
    "upc": "234837000000",
    "pricePerUnit": "205.50",
    "quantityOnHand": 6497,
    "productName": "thermostat"
  },
  {
    "productId": 45,
    "manufacturer": "Block, Wehner and Mann",
    "sku": "a7b451lhB",
    "upc": "211640000000",
    "pricePerUnit": "658.75",
    "quantityOnHand": 795,
    "productName": "playing card"
  },
  {
    "productId": 46,
    "manufacturer": "Jenkins, Hickle and Zemlak",
    "sku": "a7F511yoM",
    "upc": "262647000000",
    "pricePerUnit": "0.95",
    "quantityOnHand": 7017,
    "productName": "camera"
  },
  {
    "productId": 47,
    "manufacturer": "Cassin, Jaskolski and Glover",
    "sku": "l2D749trK",
    "upc": "507953000000",
    "pricePerUnit": "414.79",
    "quantityOnHand": 2005,
    "productName": "key chain"
  },
  {
    "productId": 48,
    "manufacturer": "Hermiston and Sons",
    "sku": "u12812ak7",
    "upc": "412832000000",
    "pricePerUnit": "848.51",
    "quantityOnHand": 5802,
    "productName": "zipper"
  },
  {
    "productId": 49,
    "manufacturer": "Ankunding Group",
    "sku": "n6K818cdd",
    "upc": "726622000000",
    "pricePerUnit": "450.32",
    "quantityOnHand": 4164,
    "productName": "ipod"
  },
  {
    "productId": 50,
    "manufacturer": "Halvorson, Bradtke and O'Connell",
    "sku": "q6V805zsg",
    "upc": "644787000000",
    "pricePerUnit": "220.37",
    "quantityOnHand": 4611,
    "productName": "plastic fork"
  },
  {
    "productId": 51,
    "manufacturer": "Hauck Group",
    "sku": "d8N567aas",
    "upc": "800212000000",
    "pricePerUnit": "579.81",
    "quantityOnHand": 3962,
    "productName": "shovel"
  },
  {
    "productId": 52,
    "manufacturer": "Schamberger, Klein and Kertzmann",
    "sku": "q88014dfs",
    "upc": "97978011389",
    "pricePerUnit": "922.06",
    "quantityOnHand": 790,
    "productName": "chapter book"
  },
  {
    "productId": 53,
    "manufacturer": "Oberbrunner-Hodkiewicz",
    "sku": "z4E342hzS",
    "upc": "30785250582",
    "pricePerUnit": "24.97",
    "quantityOnHand": 182,
    "productName": "picture frame"
  },
  {
    "productId": 54,
    "manufacturer": "Tremblay, Kunde and Schoen",
    "sku": "s5f791nqQ",
    "upc": "200749000000",
    "pricePerUnit": "718.77",
    "quantityOnHand": 3881,
    "productName": "drill press"
  },
  {
    "productId": 55,
    "manufacturer": "Wolff, Lynch and Watsica",
    "sku": "q7I787jbj",
    "upc": "120736000000",
    "pricePerUnit": "601.53",
    "quantityOnHand": 5210,
    "productName": "toe ring"
  },
  {
    "productId": 56,
    "manufacturer": "Connelly, Parker and Raynor",
    "sku": "g1w131bfk",
    "upc": "65741106217",
    "pricePerUnit": "208.49",
    "quantityOnHand": 4350,
    "productName": "ice cube tray"
  },
  {
    "productId": 57,
    "manufacturer": "Spencer, Wehner and Schaden",
    "sku": "k3l585yjg",
    "upc": "17719032131",
    "pricePerUnit": "846.91",
    "quantityOnHand": 1711,
    "productName": "bed"
  },
  {
    "productId": 58,
    "manufacturer": "Pfannerstill-Rippin",
    "sku": "t4l717zlj",
    "upc": "593405000000",
    "pricePerUnit": "764.69",
    "quantityOnHand": 2022,
    "productName": "washing machine"
  },
  {
    "productId": 59,
    "manufacturer": "Crona-Wunsch",
    "sku": "f7F573eq3",
    "upc": "671359000000",
    "pricePerUnit": "459.69",
    "quantityOnHand": 1506,
    "productName": "couch"
  },
  {
    "productId": 60,
    "manufacturer": "Goyette Inc",
    "sku": "t6h083sru",
    "upc": "122200000000",
    "pricePerUnit": "400.61",
    "quantityOnHand": 8524,
    "productName": "bananas"
  },
  {
    "productId": 61,
    "manufacturer": "O'Keefe and Sons",
    "sku": "y1O915yp6",
    "upc": "564495000000",
    "pricePerUnit": "942.71",
    "quantityOnHand": 4454,
    "productName": "coasters"
  },
  {
    "productId": 62,
    "manufacturer": "Eichmann, Reichert and Von",
    "sku": "o8K265mog",
    "upc": "437830000000",
    "pricePerUnit": "784.47",
    "quantityOnHand": 1508,
    "productName": "food"
  },
  {
    "productId": 63,
    "manufacturer": "VonRueden-Nader",
    "sku": "j0P337hiR",
    "upc": "517934000000",
    "pricePerUnit": "2.79",
    "quantityOnHand": 1139,
    "productName": "puddle"
  },
  {
    "productId": 64,
    "manufacturer": "Hills-Price",
    "sku": "u46967ytd",
    "upc": "184724000000",
    "pricePerUnit": "672.06",
    "quantityOnHand": 9942,
    "productName": "glasses"
  },
  {
    "productId": 65,
    "manufacturer": "Abshire, Kihn and Rodriguez",
    "sku": "v9W856avM",
    "upc": "647320000000",
    "pricePerUnit": "230.59",
    "quantityOnHand": 2901,
    "productName": "computer"
  },
  {
    "productId": 66,
    "manufacturer": "Miller, Corkery and Eichmann",
    "sku": "m7I885qem",
    "upc": "33375947636",
    "pricePerUnit": "369.37",
    "quantityOnHand": 3751,
    "productName": "street lights"
  },
  {
    "productId": 67,
    "manufacturer": "Adams, Kuhn and Gerlach",
    "sku": "q5y373cuA",
    "upc": "129448000000",
    "pricePerUnit": "279.98",
    "quantityOnHand": 3852,
    "productName": "chocolate"
  },
  {
    "productId": 68,
    "manufacturer": "Kuphal-Davis",
    "sku": "w4u543iwl",
    "upc": "366183000000",
    "pricePerUnit": "325.61",
    "quantityOnHand": 5487,
    "productName": "eraser"
  },
  {
    "productId": 69,
    "manufacturer": "Kovacek-Kulas",
    "sku": "f4i153lo1",
    "upc": "397448000000",
    "pricePerUnit": "645.23",
    "quantityOnHand": 9411,
    "productName": "cinder block"
  },
  {
    "productId": 70,
    "manufacturer": "Wyman-Mayer",
    "sku": "n0t343fmG",
    "upc": "987399000000",
    "pricePerUnit": "343.77",
    "quantityOnHand": 2965,
    "productName": "eye liner"
  },
  {
    "productId": 71,
    "manufacturer": "Oberbrunner-Smitham",
    "sku": "m6N173baL",
    "upc": "769622000000",
    "pricePerUnit": "505.85",
    "quantityOnHand": 748,
    "productName": "mouse pad"
  },
  {
    "productId": 72,
    "manufacturer": "Frami Group",
    "sku": "m3A594rab",
    "upc": "572520000000",
    "pricePerUnit": "128.77",
    "quantityOnHand": 8150,
    "productName": "sand paper"
  },
  {
    "productId": 73,
    "manufacturer": "Ferry and Sons",
    "sku": "x5f817sz8",
    "upc": "313736000000",
    "pricePerUnit": "559.33",
    "quantityOnHand": 6688,
    "productName": "mop"
  },
  {
    "productId": 74,
    "manufacturer": "Orn-Deckow",
    "sku": "s18515vgH",
    "upc": "755274000000",
    "pricePerUnit": "203.90",
    "quantityOnHand": 8179,
    "productName": "USB drive"
  },
  {
    "productId": 75,
    "manufacturer": "Donnelly, Cremin and Howell",
    "sku": "o19221uqo",
    "upc": "272827000000",
    "pricePerUnit": "29.99",
    "quantityOnHand": 3389,
    "productName": "toilet"
  },
  {
    "productId": 76,
    "manufacturer": "Goodwin-Klocko",
    "sku": "o0R990dv9",
    "upc": "837386000000",
    "pricePerUnit": "839.76",
    "quantityOnHand": 1492,
    "productName": "video games"
  },
  {
    "productId": 77,
    "manufacturer": "Hermann, Weissnat and Powlowski",
    "sku": "n4k323vb6",
    "upc": "675663000000",
    "pricePerUnit": "248.68",
    "quantityOnHand": 7970,
    "productName": "paint brush"
  },
  {
    "productId": 78,
    "manufacturer": "Sanford Group",
    "sku": "i2L410spm",
    "upc": "9255390626",
    "pricePerUnit": "612.23",
    "quantityOnHand": 4249,
    "productName": "newspaper"
  },
  {
    "productId": 79,
    "manufacturer": "Mraz Inc",
    "sku": "y8L982qu4",
    "upc": "464824000000",
    "pricePerUnit": "427.35",
    "quantityOnHand": 6718,
    "productName": "tree"
  },
  {
    "productId": 80,
    "manufacturer": "McGlynn, Cronin and Schneider",
    "sku": "c8u327yrd",
    "upc": "387752000000",
    "pricePerUnit": "931.77",
    "quantityOnHand": 8963,
    "productName": "carrots"
  },
  {
    "productId": 81,
    "manufacturer": "Schimmel Group",
    "sku": "r01817zs3",
    "upc": "241866000000",
    "pricePerUnit": "53.66",
    "quantityOnHand": 6358,
    "productName": "helmet"
  },
  {
    "productId": 82,
    "manufacturer": "Fay-Howell",
    "sku": "y7X879jd0",
    "upc": "721123000000",
    "pricePerUnit": "413.48",
    "quantityOnHand": 688,
    "productName": "magnet"
  },
  {
    "productId": 83,
    "manufacturer": "Bergnaum Group",
    "sku": "z17497rqy",
    "upc": "243664000000",
    "pricePerUnit": "913.62",
    "quantityOnHand": 4543,
    "productName": "greeting card"
  },
  {
    "productId": 84,
    "manufacturer": "Kilback Group",
    "sku": "g4e101fq9",
    "upc": "131218000000",
    "pricePerUnit": "267.88",
    "quantityOnHand": 8846,
    "productName": "radio"
  },
  {
    "productId": 85,
    "manufacturer": "Hilpert, Lesch and Boyle",
    "sku": "i4Q336env",
    "upc": "677500000000",
    "pricePerUnit": "91.68",
    "quantityOnHand": 2304,
    "productName": "chalk"
  },
  {
    "productId": 86,
    "manufacturer": "Mohr Group",
    "sku": "i5n769shB",
    "upc": "183153000000",
    "pricePerUnit": "969.15",
    "quantityOnHand": 9129,
    "productName": "lace"
  },
  {
    "productId": 87,
    "manufacturer": "Simonis LLC",
    "sku": "r89646jii",
    "upc": "550821000000",
    "pricePerUnit": "830.22",
    "quantityOnHand": 9758,
    "productName": "hair tie"
  },
  {
    "productId": 88,
    "manufacturer": "Braun Inc",
    "sku": "w23943mdr",
    "upc": "158033000000",
    "pricePerUnit": "613.01",
    "quantityOnHand": 1505,
    "productName": "flag"
  },
  {
    "productId": 89,
    "manufacturer": "Pfeffer and Sons",
    "sku": "n1M345ck6",
    "upc": "812439000000",
    "pricePerUnit": "700.05",
    "quantityOnHand": 7421,
    "productName": "canvas"
  },
  {
    "productId": 90,
    "manufacturer": "Crist-Yost",
    "sku": "t5v999mc8",
    "upc": "169032000000",
    "pricePerUnit": "410.42",
    "quantityOnHand": 533,
    "productName": "bow"
  },
  {
    "productId": 91,
    "manufacturer": "Powlowski-Olson",
    "sku": "s3W460csY",
    "upc": "937380000000",
    "pricePerUnit": "848.63",
    "quantityOnHand": 2273,
    "productName": "controller"
  },
  {
    "productId": 92,
    "manufacturer": "Marquardt-Lebsack",
    "sku": "t0S420rlp",
    "upc": "949602000000",
    "pricePerUnit": "213.18",
    "quantityOnHand": 7188,
    "productName": "bookmark"
  },
  {
    "productId": 93,
    "manufacturer": "Pacocha Group",
    "sku": "m1o387nbL",
    "upc": "352225000000",
    "pricePerUnit": "820.03",
    "quantityOnHand": 8386,
    "productName": "tomato"
  },
  {
    "productId": 94,
    "manufacturer": "Christiansen-Kertzmann",
    "sku": "o0S408raF",
    "upc": "518584000000",
    "pricePerUnit": "875.72",
    "quantityOnHand": 9501,
    "productName": "chair"
  },
  {
    "productId": 95,
    "manufacturer": "Halvorson-Nicolas",
    "sku": "f81054cuk",
    "upc": "285137000000",
    "pricePerUnit": "749.54",
    "quantityOnHand": 5822,
    "productName": "plate"
  },
  {
    "productId": 96,
    "manufacturer": "Vandervort, Morar and Funk",
    "sku": "q6K118dx7",
    "upc": "738902000000",
    "pricePerUnit": "420.06",
    "quantityOnHand": 2892,
    "productName": "window"
  },
  {
    "productId": 97,
    "manufacturer": "Moore Group",
    "sku": "r51014gfv",
    "upc": "192860000000",
    "pricePerUnit": "955.25",
    "quantityOnHand": 6531,
    "productName": "fork"
  },
  {
    "productId": 98,
    "manufacturer": "Schuster, Predovic and Hamill",
    "sku": "s3F352ekS",
    "upc": "329256000000",
    "pricePerUnit": "849.20",
    "quantityOnHand": 3059,
    "productName": "desk"
  },
  {
    "productId": 99,
    "manufacturer": "Batz, Cormier and Torp",
    "sku": "r0g162mf6",
    "upc": "688529000000",
    "pricePerUnit": "871.60",
    "quantityOnHand": 7022,
    "productName": "phone"
  },
  {
    "productId": 100,
    "manufacturer": "Ruecker, Krajcik and Wilkinson",
    "sku": "y98114miZ",
    "upc": "573871000000",
    "pricePerUnit": "925.16",
    "quantityOnHand": 3878,
    "productName": "remote"
  },
  {
    "productId": 101,
    "manufacturer": "Stoltenberg Inc",
    "sku": "a1Z306tuX",
    "upc": "89886202324",
    "pricePerUnit": "220.52",
    "quantityOnHand": 4694,
    "productName": "clock"
  },
  {
    "productId": 102,
    "manufacturer": "Rosenbaum, Muller and Schamberger",
    "sku": "d9q172ah3",
    "upc": "46321145111",
    "pricePerUnit": "328.86",
    "quantityOnHand": 3128,
    "productName": "pencil"
  },
  {
    "productId": 103,
    "manufacturer": "Funk, Murray and Ledner",
    "sku": "w6E748lu8",
    "upc": "888163000000",
    "pricePerUnit": "373.36",
    "quantityOnHand": 9986,
    "productName": "apple"
  },
  {
    "productId": 104,
    "manufacturer": "Pacocha Inc",
    "sku": "s1V240pzF",
    "upc": "285995000000",
    "pricePerUnit": "185.76",
    "quantityOnHand": 7936,
    "productName": "beef"
  },
  {
    "productId": 105,
    "manufacturer": "Miller and Sons",
    "sku": "q4Q271kpz",
    "upc": "553355000000",
    "pricePerUnit": "120.27",
    "quantityOnHand": 8933,
    "productName": "boom box"
  },
  {
    "productId": 106,
    "manufacturer": "Graham Inc",
    "sku": "o4T091vjj",
    "upc": "114841000000",
    "pricePerUnit": "834.12",
    "quantityOnHand": 8185,
    "productName": "pants"
  },
  {
    "productId": 107,
    "manufacturer": "Schoen Inc",
    "sku": "u3d665sxK",
    "upc": "130502000000",
    "pricePerUnit": "183.24",
    "quantityOnHand": 561,
    "productName": "hanger"
  },
  {
    "productId": 108,
    "manufacturer": "Koss, Sporer and Cremin",
    "sku": "j4n828pvd",
    "upc": "611714000000",
    "pricePerUnit": "610.49",
    "quantityOnHand": 6026,
    "productName": "money"
  },
  {
    "productId": 109,
    "manufacturer": "Stoltenberg, Hoppe and Reinger",
    "sku": "h51298cmu",
    "upc": "988759000000",
    "pricePerUnit": "422.50",
    "quantityOnHand": 8152,
    "productName": "cat"
  },
  {
    "productId": 110,
    "manufacturer": "Kuhlman, Kessler and Schamberger",
    "sku": "q4t839kpq",
    "upc": "958257000000",
    "pricePerUnit": "830.45",
    "quantityOnHand": 1522,
    "productName": "car"
  },
  {
    "productId": 111,
    "manufacturer": "Little, Marquardt and Wilderman",
    "sku": "k8C714br7",
    "upc": "327578000000",
    "pricePerUnit": "915.42",
    "quantityOnHand": 2350,
    "productName": "white out"
  },
  {
    "productId": 112,
    "manufacturer": "Von, Auer and Hansen",
    "sku": "x5J737iaA",
    "upc": "813584000000",
    "pricePerUnit": "830.92",
    "quantityOnHand": 930,
    "productName": "candy wrapper"
  },
  {
    "productId": 113,
    "manufacturer": "Shields, Krajcik and Gusikowski",
    "sku": "l1S070ooK",
    "upc": "746699000000",
    "pricePerUnit": "891.08",
    "quantityOnHand": 7693,
    "productName": "button"
  },
  {
    "productId": 114,
    "manufacturer": "Kuhlman Inc",
    "sku": "a5i730xnw",
    "upc": "166336000000",
    "pricePerUnit": "973.88",
    "quantityOnHand": 6074,
    "productName": "scotch tape"
  },
  {
    "productId": 115,
    "manufacturer": "Cruickshank LLC",
    "sku": "z8Y652qyj",
    "upc": "795739000000",
    "pricePerUnit": "332.22",
    "quantityOnHand": 6131,
    "productName": "speakers"
  },
  {
    "productId": 116,
    "manufacturer": "O'Kon-Doyle",
    "sku": "m6H046xqT",
    "upc": "276336000000",
    "pricePerUnit": "148.31",
    "quantityOnHand": 8105,
    "productName": "soap"
  },
  {
    "productId": 117,
    "manufacturer": "Rowe, Carroll and Dickinson",
    "sku": "s5C945llY",
    "upc": "531314000000",
    "pricePerUnit": "111.62",
    "quantityOnHand": 4545,
    "productName": "perfume"
  },
  {
    "productId": 118,
    "manufacturer": "Ferry-Leffler",
    "sku": "c75832jgw",
    "upc": "772628000000",
    "pricePerUnit": "496.34",
    "quantityOnHand": 1388,
    "productName": "monitor"
  },
  {
    "productId": 119,
    "manufacturer": "Gusikowski-Thompson",
    "sku": "f9Z903vzn",
    "upc": "915383000000",
    "pricePerUnit": "293.01",
    "quantityOnHand": 4830,
    "productName": "credit card"
  },
  {
    "productId": 120,
    "manufacturer": "Johns, Kassulke and Bergstrom",
    "sku": "w4B521ot1",
    "upc": "22085198947",
    "pricePerUnit": "354.37",
    "quantityOnHand": 9986,
    "productName": "brocolli"
  },
  {
    "productId": 121,
    "manufacturer": "Macejkovic-Nitzsche",
    "sku": "f09234xcN",
    "upc": "624018000000",
    "pricePerUnit": "911.90",
    "quantityOnHand": 3874,
    "productName": "sofa"
  },
  {
    "productId": 122,
    "manufacturer": "Schimmel-Zemlak",
    "sku": "t67112jvx",
    "upc": "914348000000",
    "pricePerUnit": "456.08",
    "quantityOnHand": 4000,
    "productName": "sailboat"
  },
  {
    "productId": 123,
    "manufacturer": "Runolfsdottir-Willms",
    "sku": "b2N103kqm",
    "upc": "223169000000",
    "pricePerUnit": "675.66",
    "quantityOnHand": 2808,
    "productName": "floor"
  },
  {
    "productId": 124,
    "manufacturer": "Krajcik Group",
    "sku": "c9Y079hme",
    "upc": "239920000000",
    "pricePerUnit": "769.42",
    "quantityOnHand": 2057,
    "productName": "cork"
  },
  {
    "productId": 125,
    "manufacturer": "Flatley Inc",
    "sku": "q1s356llD",
    "upc": "30618129480",
    "pricePerUnit": "78.09",
    "quantityOnHand": 7623,
    "productName": "wagon"
  },
  {
    "productId": 126,
    "manufacturer": "Miller Group",
    "sku": "k7M989rkI",
    "upc": "973983000000",
    "pricePerUnit": "80.13",
    "quantityOnHand": 1624,
    "productName": "table"
  },
  {
    "productId": 127,
    "manufacturer": "Reichert and Sons",
    "sku": "m6U136ueF",
    "upc": "226098000000",
    "pricePerUnit": "342.44",
    "quantityOnHand": 6506,
    "productName": "thread"
  },
  {
    "productId": 128,
    "manufacturer": "Ryan-Heaney",
    "sku": "k0I251xuI",
    "upc": "962369000000",
    "pricePerUnit": "152.72",
    "quantityOnHand": 760,
    "productName": "slipper"
  },
  {
    "productId": 129,
    "manufacturer": "Beer Inc",
    "sku": "w5g494kmk",
    "upc": "684954000000",
    "pricePerUnit": "369.68",
    "quantityOnHand": 1494,
    "productName": "hair brush"
  },
  {
    "productId": 130,
    "manufacturer": "Kuhn, Hagenes and Connelly",
    "sku": "f3j155khy",
    "upc": "505178000000",
    "pricePerUnit": "273.22",
    "quantityOnHand": 8428,
    "productName": "nail clippers"
  },
  {
    "productId": 131,
    "manufacturer": "Collins and Sons",
    "sku": "c06175duk",
    "upc": "532510000000",
    "pricePerUnit": "942.91",
    "quantityOnHand": 4655,
    "productName": "needle"
  },
  {
    "productId": 132,
    "manufacturer": "Farrell-Becker",
    "sku": "s2s744vlb",
    "upc": "260918000000",
    "pricePerUnit": "924.29",
    "quantityOnHand": 9277,
    "productName": "cup"
  },
  {
    "productId": 133,
    "manufacturer": "Wolf, Schamberger and Tromp",
    "sku": "f0U474udL",
    "upc": "412375000000",
    "pricePerUnit": "443.43",
    "quantityOnHand": 1760,
    "productName": "stop sign"
  },
  {
    "productId": 134,
    "manufacturer": "Hickle Group",
    "sku": "h9B811thn",
    "upc": "447973000000",
    "pricePerUnit": "739.63",
    "quantityOnHand": 1789,
    "productName": "candle"
  },
  {
    "productId": 135,
    "manufacturer": "Davis, Stokes and King",
    "sku": "j9i386jpv",
    "upc": "561484000000",
    "pricePerUnit": "704.29",
    "quantityOnHand": 5333,
    "productName": "piano"
  },
  {
    "productId": 136,
    "manufacturer": "Hauck-Gaylord",
    "sku": "c1n385sxC",
    "upc": "109058000000",
    "pricePerUnit": "420.65",
    "quantityOnHand": 1502,
    "productName": "buckel"
  },
  {
    "productId": 137,
    "manufacturer": "Davis, Mertz and Walker",
    "sku": "d7m478vtd",
    "upc": "874484000000",
    "pricePerUnit": "718.56",
    "quantityOnHand": 9262,
    "productName": "keys"
  },
  {
    "productId": 138,
    "manufacturer": "Walker-Hansen",
    "sku": "b0h256tb5",
    "upc": "98391553823",
    "pricePerUnit": "746.92",
    "quantityOnHand": 8777,
    "productName": "pool stick"
  },
  {
    "productId": 139,
    "manufacturer": "McKenzie LLC",
    "sku": "y16570wxA",
    "upc": "230658000000",
    "pricePerUnit": "35.26",
    "quantityOnHand": 7921,
    "productName": "bag"
  },
  {
    "productId": 140,
    "manufacturer": "Fritsch-Rogahn",
    "sku": "b1b632mvc",
    "upc": "692603000000",
    "pricePerUnit": "267.59",
    "quantityOnHand": 3268,
    "productName": "mp3 player"
  },
  {
    "productId": 141,
    "manufacturer": "Beahan, Kiehn and Hansen",
    "sku": "l3y775oqQ",
    "upc": "294992000000",
    "pricePerUnit": "690.15",
    "quantityOnHand": 2215,
    "productName": "shampoo"
  },
  {
    "productId": 142,
    "manufacturer": "Prohaska LLC",
    "sku": "g69742enX",
    "upc": "448980000000",
    "pricePerUnit": "407.03",
    "quantityOnHand": 6258,
    "productName": "rubber band"
  },
  {
    "productId": 143,
    "manufacturer": "O'Hara-Bartell",
    "sku": "i09672gsM",
    "upc": "939989000000",
    "pricePerUnit": "702.11",
    "quantityOnHand": 7941,
    "productName": "keyboard"
  },
  {
    "productId": 144,
    "manufacturer": "Wyman-Osinski",
    "sku": "v0t980jbV",
    "upc": "107171000000",
    "pricePerUnit": "97.10",
    "quantityOnHand": 9843,
    "productName": "tv"
  },
  {
    "productId": 145,
    "manufacturer": "Durgan, Parker and Lowe",
    "sku": "j9o570aqw",
    "upc": "625801000000",
    "pricePerUnit": "783.26",
    "quantityOnHand": 6651,
    "productName": "rubber duck"
  },
  {
    "productId": 146,
    "manufacturer": "Bruen-Weissnat",
    "sku": "z3r510axb",
    "upc": "317094000000",
    "pricePerUnit": "51.79",
    "quantityOnHand": 5416,
    "productName": "packing peanuts"
  },
  {
    "productId": 147,
    "manufacturer": "Swaniawski-Carter",
    "sku": "x7e598riU",
    "upc": "753389000000",
    "pricePerUnit": "392.33",
    "quantityOnHand": 334,
    "productName": "bread"
  },
  {
    "productId": 148,
    "manufacturer": "Daniel-Bahringer",
    "sku": "c8g204enF",
    "upc": "476957000000",
    "pricePerUnit": "179.62",
    "quantityOnHand": 1791,
    "productName": "checkbook"
  },
  {
    "productId": 149,
    "manufacturer": "Jacobi and Sons",
    "sku": "d16352ffQ",
    "upc": "451609000000",
    "pricePerUnit": "900.93",
    "quantityOnHand": 8297,
    "productName": "glass"
  },
  {
    "productId": 150,
    "manufacturer": "Goyette-Kulas",
    "sku": "k0V573ztB",
    "upc": "791237000000",
    "pricePerUnit": "842.54",
    "quantityOnHand": 2655,
    "productName": "bottle"
  },
  {
    "productId": 151,
    "manufacturer": "Graham, Feest and Jerde",
    "sku": "j7x764yiQ",
    "upc": "93894957591",
    "pricePerUnit": "328.94",
    "quantityOnHand": 2527,
    "productName": "toothbrush"
  },
  {
    "productId": 152,
    "manufacturer": "McLaughlin, Ankunding and Schowalter",
    "sku": "a46529cqG",
    "upc": "530809000000",
    "pricePerUnit": "695.46",
    "quantityOnHand": 3139,
    "productName": "shirt"
  },
  {
    "productId": 153,
    "manufacturer": "Schumm, O'Kon and Beer",
    "sku": "q4b168njp",
    "upc": "51164055605",
    "pricePerUnit": "575.48",
    "quantityOnHand": 9113,
    "productName": "seat belt"
  },
  {
    "productId": 154,
    "manufacturer": "Windler LLC",
    "sku": "s9a742biR",
    "upc": "101409000000",
    "pricePerUnit": "160.95",
    "quantityOnHand": 8929,
    "productName": "fake flowers"
  },
  {
    "productId": 155,
    "manufacturer": "Reynolds, Zemlak and Marquardt",
    "sku": "f7K945cky",
    "upc": "884392000000",
    "pricePerUnit": "672.43",
    "quantityOnHand": 9118,
    "productName": "conditioner"
  },
  {
    "productId": 156,
    "manufacturer": "Little, Durgan and Walsh",
    "sku": "j2Q575ffi",
    "upc": "809558000000",
    "pricePerUnit": "567.63",
    "quantityOnHand": 6227,
    "productName": "paper"
  },
  {
    "productId": 157,
    "manufacturer": "Mohr, Padberg and Dickens",
    "sku": "u2O211ora",
    "upc": "845643000000",
    "pricePerUnit": "257.46",
    "quantityOnHand": 5025,
    "productName": "knife"
  },
  {
    "productId": 158,
    "manufacturer": "Reichert and Sons",
    "sku": "m3R070xbh",
    "upc": "691433000000",
    "pricePerUnit": "962.91",
    "quantityOnHand": 2327,
    "productName": "stockings"
  },
  {
    "productId": 159,
    "manufacturer": "Hane-Koepp",
    "sku": "b0D112jkE",
    "upc": "889288000000",
    "pricePerUnit": "436.13",
    "quantityOnHand": 5150,
    "productName": "bracelet"
  },
  {
    "productId": 160,
    "manufacturer": "Schamberger LLC",
    "sku": "p8x109neh",
    "upc": "291618000000",
    "pricePerUnit": "885.83",
    "quantityOnHand": 2080,
    "productName": "doll"
  },
  {
    "productId": 161,
    "manufacturer": "Heidenreich, Schroeder and MacGyver",
    "sku": "f4q934vgA",
    "upc": "173487000000",
    "pricePerUnit": "120.97",
    "quantityOnHand": 53,
    "productName": "shoe lace"
  },
  {
    "productId": 162,
    "manufacturer": "Cassin and Sons",
    "sku": "b1s944qa1",
    "upc": "116325000000",
    "pricePerUnit": "999.40",
    "quantityOnHand": 307,
    "productName": "spoon"
  },
  {
    "productId": 163,
    "manufacturer": "Wintheiser Group",
    "sku": "c4w052vjQ",
    "upc": "663120000000",
    "pricePerUnit": "485.27",
    "quantityOnHand": 9482,
    "productName": "pillow"
  },
  {
    "productId": 164,
    "manufacturer": "Torphy, Littel and Larkin",
    "sku": "d4p340rd9",
    "upc": "388826000000",
    "pricePerUnit": "536.93",
    "quantityOnHand": 8470,
    "productName": "tissue box"
  },
  {
    "productId": 165,
    "manufacturer": "Hilpert-Altenwerth",
    "sku": "r4E300ohp",
    "upc": "174367000000",
    "pricePerUnit": "557.34",
    "quantityOnHand": 3447,
    "productName": "charger"
  },
  {
    "productId": 166,
    "manufacturer": "Pacocha, Windler and Ullrich",
    "sku": "x6n149brP",
    "upc": "416515000000",
    "pricePerUnit": "463.09",
    "quantityOnHand": 2067,
    "productName": "book"
  },
  {
    "productId": 167,
    "manufacturer": "Bartell, Schulist and Jacobi",
    "sku": "s3m530wut",
    "upc": "717264000000",
    "pricePerUnit": "908.76",
    "quantityOnHand": 9646,
    "productName": "house"
  },
  {
    "productId": 168,
    "manufacturer": "Kuhlman and Sons",
    "sku": "y9K273gvU",
    "upc": "842458000000",
    "pricePerUnit": "117.08",
    "quantityOnHand": 8041,
    "productName": "box"
  },
  {
    "productId": 169,
    "manufacturer": "McDermott-Hayes",
    "sku": "b9n788aea",
    "upc": "176112000000",
    "pricePerUnit": "686.10",
    "quantityOnHand": 2105,
    "productName": "thermometer"
  },
  {
    "productId": 170,
    "manufacturer": "Weber Inc",
    "sku": "m3e404oke",
    "upc": "789896000000",
    "pricePerUnit": "887.79",
    "quantityOnHand": 146,
    "productName": "shoes"
  },
  {
    "productId": 171,
    "manufacturer": "Harvey Group",
    "sku": "v2F858ocL",
    "upc": "64154154241",
    "pricePerUnit": "356.46",
    "quantityOnHand": 2081,
    "productName": "clothes"
  },
  {
    "productId": 172,
    "manufacturer": "Brekke-Fay",
    "sku": "c7w345wr1",
    "upc": "929435000000",
    "pricePerUnit": "109.35",
    "quantityOnHand": 9259,
    "productName": "grid paper"
  },
  {
    "productId": 173,
    "manufacturer": "Ortiz-Hauck",
    "sku": "a0X661yeb",
    "upc": "480488000000",
    "pricePerUnit": "283.62",
    "quantityOnHand": 2398,
    "productName": "air freshener"
  },
  {
    "productId": 174,
    "manufacturer": "Hickle, Boehm and Koepp",
    "sku": "m2P119yq3",
    "upc": "714541000000",
    "pricePerUnit": "212.00",
    "quantityOnHand": 5040,
    "productName": "television"
  },
  {
    "productId": 175,
    "manufacturer": "Sawayn and Sons",
    "sku": "q9T817gcq",
    "upc": "217290000000",
    "pricePerUnit": "306.12",
    "quantityOnHand": 6449,
    "productName": "tire swing"
  },
  {
    "productId": 176,
    "manufacturer": "Funk Inc",
    "sku": "s3S600udu",
    "upc": "893246000000",
    "pricePerUnit": "761.91",
    "quantityOnHand": 3115,
    "productName": "cell phone"
  },
  {
    "productId": 177,
    "manufacturer": "Dare-Haley",
    "sku": "p62347xkq",
    "upc": "358665000000",
    "pricePerUnit": "699.86",
    "quantityOnHand": 9761,
    "productName": "drawer"
  },
  {
    "productId": 178,
    "manufacturer": "Lind Group",
    "sku": "y2g991gkb",
    "upc": "364529000000",
    "pricePerUnit": "94.85",
    "quantityOnHand": 2941,
    "productName": "rusty nail"
  },
  {
    "productId": 179,
    "manufacturer": "Blick Group",
    "sku": "j1w863uir",
    "upc": "259389000000",
    "pricePerUnit": "845.77",
    "quantityOnHand": 2865,
    "productName": "spring"
  },
  {
    "productId": 180,
    "manufacturer": "Hauck-Senger",
    "sku": "j6t461wfP",
    "upc": "813548000000",
    "pricePerUnit": "979.04",
    "quantityOnHand": 6017,
    "productName": "nail file"
  },
  {
    "productId": 181,
    "manufacturer": "Olson, Rutherford and Herzog",
    "sku": "m5R494pbM",
    "upc": "924670000000",
    "pricePerUnit": "187.49",
    "quantityOnHand": 6144,
    "productName": "blouse"
  },
  {
    "productId": 182,
    "manufacturer": "Lebsack, Jenkins and Prohaska",
    "sku": "o3D484czB",
    "upc": "628898000000",
    "pricePerUnit": "154.89",
    "quantityOnHand": 6477,
    "productName": "deodorant"
  },
  {
    "productId": 183,
    "manufacturer": "Kuphal-Kuphal",
    "sku": "g9W104xeG",
    "upc": "219518000000",
    "pricePerUnit": "974.80",
    "quantityOnHand": 9113,
    "productName": "water bottle"
  },
  {
    "productId": 184,
    "manufacturer": "Gusikowski, Hyatt and McGlynn",
    "sku": "n6R852dvt",
    "upc": "697393000000",
    "pricePerUnit": "344.15",
    "quantityOnHand": 4753,
    "productName": "sandal"
  },
  {
    "productId": 185,
    "manufacturer": "Cronin Inc",
    "sku": "q2Q840dqg",
    "upc": "265889000000",
    "pricePerUnit": "246.36",
    "quantityOnHand": 9280,
    "productName": "wallet"
  },
  {
    "productId": 186,
    "manufacturer": "Altenwerth, Russel and Oberbrunner",
    "sku": "m6f024xs2",
    "upc": "771214000000",
    "pricePerUnit": "561.23",
    "quantityOnHand": 2401,
    "productName": "watch"
  },
  {
    "productId": 187,
    "manufacturer": "Wuckert, Olson and Zboncak",
    "sku": "a49622gvX",
    "upc": "428459000000",
    "pricePerUnit": "470.07",
    "quantityOnHand": 8168,
    "productName": "screw"
  },
  {
    "productId": 188,
    "manufacturer": "Berge-Klocko",
    "sku": "o2g132vc4",
    "upc": "691026000000",
    "pricePerUnit": "878.06",
    "quantityOnHand": 2556,
    "productName": "lamp"
  },
  {
    "productId": 189,
    "manufacturer": "Hayes LLC",
    "sku": "l3c591njW",
    "upc": "908273000000",
    "pricePerUnit": "768.74",
    "quantityOnHand": 6822,
    "productName": "milk"
  },
  {
    "productId": 190,
    "manufacturer": "Durgan Group",
    "sku": "h0j127ljh",
    "upc": "51342872996",
    "pricePerUnit": "967.79",
    "quantityOnHand": 2326,
    "productName": "teddies"
  }
]